{"Modules":[{"Key":"vpc","Source":"registry.terraform.io/terraform-aws-modules/vpc/aws","Version":"3.2.0","Dir":".terraform/modules/vpc"},{"Key":"","Source":"","Dir":"."},{"Key":"eks","Source":"registry.terraform.io/terraform-aws-modules/eks/aws","Version":"17.24.0","Dir":".terraform/modules/eks"},{"Key":"eks.fargate","Source":"./modules/fargate","Dir":".terraform/modules/eks/modules/fargate"},{"Key":"eks.node_groups","Source":"./modules/node_groups","Dir":".terraform/modules/eks/modules/node_groups"}]}